,Employee,Ganancias
0,Nancy Davolio,57690.38999999999
1,Andrew Fuller,32503.16
2,Janet Leverling,42838.350000000006
3,Margaret Peacock,105696.49999999999
4,Steven Buchanan,27480.8
5,Michael Suyama,25399.25
6,Robert King,39772.3
7,Laura Callahan,39309.380000000005
8,Anne Dodsworth,15734.099999999999
9,Diego Impriglio,
